구분,브랜드,차량명,이미지 URL
국산,현대,더 뉴 캐스퍼,https://autoimg.danawa.com/photo/4671/model_200.png
국산,현대,캐스퍼 일렉트릭,https://autoimg.danawa.com/photo/4653/model_200.png
국산,현대,아반떼,https://autoimg.danawa.com/photo/4455/model_200.png
국산,현대,아반떼 N,https://autoimg.danawa.com/photo/4564/model_200.png
국산,현대,쏘나타 디 엣지,https://autoimg.danawa.com/photo/4466/model_200.png
국산,현대,아이오닉 6,https://autoimg.danawa.com/photo/4087/model_200.png
국산,현대,그랜저,https://autoimg.danawa.com/photo/4188/model_200.png
국산,현대,베뉴,https://autoimg.danawa.com/photo/3654/model_200.png
국산,현대,코나,https://autoimg.danawa.com/photo/4361/model_200.png
국산,현대,코나 일렉트릭,https://autoimg.danawa.com/photo/4510/model_200.png
국산,현대,투싼,https://autoimg.danawa.com/photo/4592/model_200.png
국산,현대,더 뉴 아이오닉 5,https://autoimg.danawa.com/photo/4624/model_200.png
국산,현대,아이오닉 5 N,https://autoimg.danawa.com/photo/4558/model_200.png
국산,현대,넥쏘,https://autoimg.danawa.com/photo/3564/model_200.png
국산,현대,싼타페,https://autoimg.danawa.com/photo/4435/model_200.png
국산,현대,디 올 뉴 팰리세이드,https://autoimg.danawa.com/photo/4699/model_200.png
국산,현대,아이오닉 9,https://autoimg.danawa.com/photo/4088/model_200.png
국산,현대,스타리아,https://autoimg.danawa.com/photo/4014/model_200.png
국산,현대,쏠라티,https://autoimg.danawa.com/photo/3297/model_200.png
국산,현대,카운티,https://autoimg.danawa.com/photo/3502/model_200.png
국산,현대,카운티 일렉트릭,https://autoimg.danawa.com/photo/4400/model_200.png
국산,현대,포터2,https://autoimg.danawa.com/photo/1901/model_200.png
국산,현대,포터2 일렉트릭,https://autoimg.danawa.com/photo/4399/model_200.png
국산,현대,ST1,https://autoimg.danawa.com/photo/4626/model_200.png
국산,현대,마이티,https://autoimg.danawa.com/photo/3500/model_200.png
국산,현대,파비스,https://autoimg.danawa.com/photo/4003/model_200.png
국산,기아,모닝,https://autoimg.danawa.com/photo/4554/model_200.png
국산,기아,레이,https://autoimg.danawa.com/photo/4689/model_200.png
국산,기아,레이 EV,https://autoimg.danawa.com/photo/4691/model_200.png
국산,기아,EV4,https://autoimg.danawa.com/photo/4712/model_200.png
국산,기아,K5,https://autoimg.danawa.com/photo/4585/model_200.png
국산,기아,K8,https://autoimg.danawa.com/photo/4665/model_200.png
국산,기아,K9,https://autoimg.danawa.com/photo/4066/model_200.png
국산,기아,셀토스,https://autoimg.danawa.com/photo/4391/model_200.png
국산,기아,니로,https://autoimg.danawa.com/photo/4130/model_200.png
국산,기아,니로 EV,https://autoimg.danawa.com/photo/4396/model_200.png
국산,기아,EV3,https://autoimg.danawa.com/photo/4647/model_200.png
국산,기아,EV6,https://autoimg.danawa.com/photo/4641/model_200.png
국산,기아,스포티지,https://autoimg.danawa.com/photo/4684/model_200.png
국산,기아,쏘렌토,https://autoimg.danawa.com/photo/4563/model_200.png
국산,기아,EV9,https://autoimg.danawa.com/photo/4128/model_200.png
국산,기아,카니발,https://autoimg.danawa.com/photo/4586/model_200.png
국산,기아,타스만,https://autoimg.danawa.com/photo/4686/model_200.png
국산,기아,봉고 3,https://autoimg.danawa.com/photo/3772/model_200.png
국산,기아,봉고 3 EV,https://autoimg.danawa.com/photo/4404/model_200.png
국산,제네시스,G70,https://autoimg.danawa.com/photo/3995/model_200.png
국산,제네시스,G80,https://autoimg.danawa.com/photo/4603/model_200.png
국산,제네시스,Electrified G80,https://autoimg.danawa.com/photo/4660/model_200.png
국산,제네시스,G90,https://autoimg.danawa.com/photo/4016/model_200.png
국산,제네시스,GV60,https://autoimg.danawa.com/photo/4015/model_200.png
국산,제네시스,New GV60,https://autoimg.danawa.com/photo/4701/model_200.png
국산,제네시스,GV70,https://autoimg.danawa.com/photo/4609/model_200.png
국산,제네시스,Electrified GV70,https://autoimg.danawa.com/photo/4705/model_200.png
국산,제네시스,GV80,https://autoimg.danawa.com/photo/4465/model_200.png
국산,쉐보레,트랙스 크로스오버,https://autoimg.danawa.com/photo/4429/model_200.png
국산,쉐보레,트레일블레이저,https://autoimg.danawa.com/photo/4474/model_200.png
국산,쉐보레,콜로라도,https://autoimg.danawa.com/photo/4395/model_200.png
국산,KGM,티볼리,https://autoimg.danawa.com/photo/4545/model_200.png
국산,KGM,코란도,https://autoimg.danawa.com/photo/3635/model_200.png
국산,KGM,코란도 EV,https://autoimg.danawa.com/photo/4605/model_200.png
국산,KGM,더 뉴 토레스,https://autoimg.danawa.com/photo/4646/model_200.png
국산,KGM,액티언,https://autoimg.danawa.com/photo/4622/model_200.png
국산,KGM,토레스 EVX,https://autoimg.danawa.com/photo/4492/model_200.png
국산,KGM,렉스턴 뉴 아레나,https://autoimg.danawa.com/photo/4518/model_200.png
국산,KGM,무쏘 스포츠,https://autoimg.danawa.com/photo/4716/model_200.png
국산,KGM,무쏘 칸,https://autoimg.danawa.com/photo/4717/model_200.png
국산,KGM,무쏘 EV,https://autoimg.danawa.com/photo/4666/model_200.png
국산,르노코리아,SM6,https://autoimg.danawa.com/photo/3979/model_200.png
국산,르노코리아,아르카나,https://autoimg.danawa.com/photo/4560/model_200.png
국산,르노코리아,QM6,https://autoimg.danawa.com/photo/4483/model_200.png
국산,르노코리아,그랑 콜레오스,https://autoimg.danawa.com/photo/4659/model_200.png
국산,르노코리아,마스터,https://autoimg.danawa.com/photo/3861/model_200.png
국산,대창모터스,e-TOVI,https://autoimg.danawa.com/photo/4664/model_200.png
국산,대창모터스,다니고-T,https://autoimg.danawa.com/photo/4398/model_200.png
국산,대창모터스,다니고-R,https://autoimg.danawa.com/photo/4456/model_200.png
국산,대창모터스,다니고-C,https://autoimg.danawa.com/photo/4397/model_200.png
국산,대창모터스,다니고-L,https://autoimg.danawa.com/photo/4457/model_200.png
국산,대창모터스,다니고-W,https://autoimg.danawa.com/photo/4458/model_200.png
국산,대창모터스,다니고-U,https://autoimg.danawa.com/photo/4578/model_200.png
국산,자일자동차,레스타,https://autoimg.danawa.com/photo/3648/model_200.png
국산,제이스모빌리티,이티밴,https://autoimg.danawa.com/photo/4467/model_200.png
국산,디피코,포트로 P250,https://autoimg.danawa.com/photo/4091/model_200.png
국산,디피코,포트로 P350,https://autoimg.danawa.com/photo/4526/model_200.png
국산,쎄보모빌리티,CEVO-C SE,https://autoimg.danawa.com/photo/4045/model_200.png
국산,마이브,M1,https://autoimg.danawa.com/photo/4004/model_200.png
국산,EVKMC,마사다 QQ,https://autoimg.danawa.com/photo/4561/model_200.png
국산,EVKMC,마사다 픽업,https://autoimg.danawa.com/photo/4185/model_200.png
국산,EVKMC,마사다 밴,https://autoimg.danawa.com/photo/4186/model_200.png
국산,SMART EV,Z,https://autoimg.danawa.com/photo/3904/model_200.png
국산,SMART EV,D2C,https://autoimg.danawa.com/photo/3815/model_200.png
국산,SMART EV,D2P,https://autoimg.danawa.com/photo/3836/model_200.png
국산,이비온,E6,https://autoimg.danawa.com/photo/4163/model_200.png
국산,모빌리티네트웍스,se-A,https://autoimg.danawa.com/photo/4542/model_200.png
수입,BMW,1 Series,https://autoimg.danawa.com/photo/3727/model_200.png
수입,BMW,2 Series,https://autoimg.danawa.com/photo/3130/model_200.png
수입,BMW,New 2 Series,https://autoimg.danawa.com/photo/3803/model_200.png
수입,BMW,3 Series,https://autoimg.danawa.com/photo/4650/model_200.png
수입,BMW,4 Series,https://autoimg.danawa.com/photo/4614/model_200.png
수입,BMW,New i4,https://autoimg.danawa.com/photo/4639/model_200.png
수입,BMW,5 Series,https://autoimg.danawa.com/photo/4517/model_200.png
수입,BMW,i5,https://autoimg.danawa.com/photo/4528/model_200.png
수입,BMW,6 Series,https://autoimg.danawa.com/photo/3902/model_200.png
수입,BMW,7 Series,https://autoimg.danawa.com/photo/4196/model_200.png
수입,BMW,i7,https://autoimg.danawa.com/photo/4181/model_200.png
수입,BMW,8 Series,https://autoimg.danawa.com/photo/4171/model_200.png
수입,BMW,Z4,https://autoimg.danawa.com/photo/4424/model_200.png
수입,BMW,M2,https://autoimg.danawa.com/photo/4655/model_200.png
수입,BMW,M3,https://autoimg.danawa.com/photo/4649/model_200.png
수입,BMW,M4,https://autoimg.danawa.com/photo/4615/model_200.png
수입,BMW,M5,https://autoimg.danawa.com/photo/4657/model_200.png
수입,BMW,M8,https://autoimg.danawa.com/photo/4172/model_200.png
수입,BMW,X1,https://autoimg.danawa.com/photo/4371/model_200.png
수입,BMW,iX1,https://autoimg.danawa.com/photo/4372/model_200.png
수입,BMW,X2,https://autoimg.danawa.com/photo/4580/model_200.png
수입,BMW,iX2,https://autoimg.danawa.com/photo/4582/model_200.png
수입,BMW,X3,https://autoimg.danawa.com/photo/4656/model_200.png
수입,BMW,iX3,https://autoimg.danawa.com/photo/3983/model_200.png
수입,BMW,X4,https://autoimg.danawa.com/photo/4072/model_200.png
수입,BMW,X4 M,https://autoimg.danawa.com/photo/4073/model_200.png
수입,BMW,X5,https://autoimg.danawa.com/photo/4475/model_200.png
수입,BMW,X5 M,https://autoimg.danawa.com/photo/4479/model_200.png
수입,BMW,X6,https://autoimg.danawa.com/photo/4476/model_200.png
수입,BMW,X6 M,https://autoimg.danawa.com/photo/4480/model_200.png
수입,BMW,iX,https://autoimg.danawa.com/photo/4009/model_200.png
수입,BMW,X7,https://autoimg.danawa.com/photo/4192/model_200.png
수입,BMW,XM,https://autoimg.danawa.com/photo/4422/model_200.png
수입,BMW,2 Series Active Tourer,https://autoimg.danawa.com/photo/4114/model_200.png
수입,벤츠,A-Class,https://autoimg.danawa.com/photo/4427/model_200.png
수입,벤츠,CLA-Class,https://autoimg.danawa.com/photo/4461/model_200.png
수입,벤츠,C-Class,https://autoimg.danawa.com/photo/4037/model_200.png
수입,벤츠,CLE,https://autoimg.danawa.com/photo/4555/model_200.png
수입,벤츠,E-Class,https://autoimg.danawa.com/photo/4516/model_200.png
수입,벤츠,EQE,https://autoimg.danawa.com/photo/4111/model_200.png
수입,벤츠,S-Class,https://autoimg.danawa.com/photo/3992/model_200.png
수입,벤츠,Maybach S-Class,https://autoimg.danawa.com/photo/4011/model_200.png
수입,벤츠,The New EQS,https://autoimg.danawa.com/photo/4634/model_200.png
수입,벤츠,AMG GT,https://autoimg.danawa.com/photo/3982/model_200.png
수입,벤츠,SL-Class,https://autoimg.danawa.com/photo/4380/model_200.png
수입,벤츠,GLA-Class,https://autoimg.danawa.com/photo/4495/model_200.png
수입,벤츠,GLB-Class,https://autoimg.danawa.com/photo/4496/model_200.png
수입,벤츠,EQA,https://autoimg.danawa.com/photo/4568/model_200.png
수입,벤츠,EQB,https://autoimg.danawa.com/photo/4569/model_200.png
수입,벤츠,GLC-Class,https://autoimg.danawa.com/photo/4373/model_200.png
수입,벤츠,GLE-Class,https://autoimg.danawa.com/photo/4471/model_200.png
수입,벤츠,GLS-Class,https://autoimg.danawa.com/photo/4507/model_200.png
수입,벤츠,Maybach GLS,https://autoimg.danawa.com/photo/4508/model_200.png
수입,벤츠,G-Class,https://autoimg.danawa.com/photo/3753/model_200.png
수입,벤츠,EQE SUV,https://autoimg.danawa.com/photo/4430/model_200.png
수입,벤츠,The New G-Class,https://autoimg.danawa.com/photo/4629/model_200.png
수입,벤츠,Electric G-Class,https://autoimg.danawa.com/photo/4638/model_200.png
수입,벤츠,EQS SUV,https://autoimg.danawa.com/photo/4381/model_200.png
수입,벤츠,Maybach EQS SUV,https://autoimg.danawa.com/photo/4511/model_200.png
수입,아우디,A3,https://autoimg.danawa.com/photo/4141/model_200.png
수입,아우디,The New A3,https://autoimg.danawa.com/photo/4707/model_200.png
수입,아우디,A4,https://autoimg.danawa.com/photo/3899/model_200.png
수입,아우디,A5,https://autoimg.danawa.com/photo/3900/model_200.png
수입,아우디,A6,https://autoimg.danawa.com/photo/3713/model_200.png
수입,아우디,A7,https://autoimg.danawa.com/photo/3537/model_200.png
수입,아우디,e-tron GT,https://autoimg.danawa.com/photo/4039/model_200.png
수입,아우디,A8,https://autoimg.danawa.com/photo/4431/model_200.png
수입,아우디,Q3,https://autoimg.danawa.com/photo/3668/model_200.png
수입,아우디,Q4 e-tron,https://autoimg.danawa.com/photo/4062/model_200.png
수입,아우디,Q5,https://autoimg.danawa.com/photo/4074/model_200.png
수입,아우디,Q6 e-tron,https://autoimg.danawa.com/photo/4690/model_200.png
수입,아우디,Q7,https://autoimg.danawa.com/photo/3739/model_200.png
수입,아우디,The new Q7,https://autoimg.danawa.com/photo/4698/model_200.png
수입,아우디,Q8,https://autoimg.danawa.com/photo/3715/model_200.png
수입,아우디,The new Q8,https://autoimg.danawa.com/photo/4697/model_200.png
수입,아우디,e-tron,https://autoimg.danawa.com/photo/3667/model_200.png
수입,아우디,Q8 e-tron,https://autoimg.danawa.com/photo/4436/model_200.png
수입,테슬라,Model 3,https://autoimg.danawa.com/photo/4610/model_200.png
수입,테슬라,Model S,https://autoimg.danawa.com/photo/4043/model_200.png
수입,테슬라,Roadster,https://autoimg.danawa.com/photo/4193/model_200.png
수입,테슬라,Model Y,https://autoimg.danawa.com/photo/3687/model_200.png
수입,테슬라,Model Y Junifer,https://autoimg.danawa.com/photo/4667/model_200.png
수입,테슬라,Model X,https://autoimg.danawa.com/photo/4027/model_200.png
수입,볼보,S60,https://autoimg.danawa.com/photo/4419/model_200.png
수입,볼보,V60 Cross Country,https://autoimg.danawa.com/photo/4421/model_200.png
수입,볼보,V90 Cross Country,https://autoimg.danawa.com/photo/4007/model_200.png
수입,볼보,S90,https://autoimg.danawa.com/photo/3978/model_200.png
수입,볼보,EX30,https://autoimg.danawa.com/photo/4446/model_200.png
수입,볼보,C40 Recharge,https://autoimg.danawa.com/photo/4041/model_200.png
수입,볼보,EX40,https://autoimg.danawa.com/photo/4731/model_200.png
수입,볼보,XC40,https://autoimg.danawa.com/photo/4405/model_200.png
수입,볼보,XC40 Recharge,https://autoimg.danawa.com/photo/4406/model_200.png
수입,볼보,XC60,https://autoimg.danawa.com/photo/4113/model_200.png
수입,볼보,XC90,https://autoimg.danawa.com/photo/3799/model_200.png
수입,폭스바겐,The new Golf,https://autoimg.danawa.com/photo/4720/model_200.png
수입,폭스바겐,Tiguan,https://autoimg.danawa.com/photo/4068/model_200.png
수입,폭스바겐,ID.4,https://autoimg.danawa.com/photo/4005/model_200.png
수입,폭스바겐,ID.5,https://autoimg.danawa.com/photo/4121/model_200.png
수입,폭스바겐,Touareg,https://autoimg.danawa.com/photo/4531/model_200.png
수입,토요타,Prius,https://autoimg.danawa.com/photo/4439/model_200.png
수입,토요타,Camry,https://autoimg.danawa.com/photo/4674/model_200.png
수입,토요타,Crown,https://autoimg.danawa.com/photo/4447/model_200.png
수입,토요타,GR 86,https://autoimg.danawa.com/photo/4177/model_200.png
수입,토요타,RAV4,https://autoimg.danawa.com/photo/4173/model_200.png
수입,토요타,Highlander,https://autoimg.danawa.com/photo/4460/model_200.png
수입,토요타,Sienna,https://autoimg.danawa.com/photo/4063/model_200.png
수입,토요타,Alphard,https://autoimg.danawa.com/photo/4473/model_200.png
수입,렉서스,ES,https://autoimg.danawa.com/photo/4093/model_200.png
수입,렉서스,LS,https://autoimg.danawa.com/photo/4031/model_200.png
수입,렉서스,UX,https://autoimg.danawa.com/photo/3688/model_200.png
수입,렉서스,NX,https://autoimg.danawa.com/photo/4164/model_200.png
수입,렉서스,RX,https://autoimg.danawa.com/photo/4390/model_200.png
수입,렉서스,LM,https://autoimg.danawa.com/photo/4635/model_200.png
수입,렉서스,LX,https://autoimg.danawa.com/photo/4700/model_200.png
수입,포르쉐,718 Boxster,https://autoimg.danawa.com/photo/3336/model_200.png
수입,포르쉐,718 Cayman,https://autoimg.danawa.com/photo/3361/model_200.png
수입,포르쉐,911,https://autoimg.danawa.com/photo/3666/model_200.png
수입,포르쉐,The New 911,https://autoimg.danawa.com/photo/4651/model_200.png
수입,포르쉐,Panamera,https://autoimg.danawa.com/photo/4593/model_200.png
수입,포르쉐,Taycan,https://autoimg.danawa.com/photo/4619/model_200.png
수입,포르쉐,Macan,https://autoimg.danawa.com/photo/4084/model_200.png
수입,포르쉐,Macan Electric,https://autoimg.danawa.com/photo/4613/model_200.png
수입,포르쉐,Cayenne,https://autoimg.danawa.com/photo/4506/model_200.png
수입,포드,Mustang,https://autoimg.danawa.com/photo/4415/model_200.png
수입,포드,Bronco,https://autoimg.danawa.com/photo/4059/model_200.png
수입,포드,Explorer,https://autoimg.danawa.com/photo/4616/model_200.png
수입,포드,Expedition,https://autoimg.danawa.com/photo/4360/model_200.png
수입,포드,Ranger,https://autoimg.danawa.com/photo/4138/model_200.png
수입,폴스타,Polestar 2,https://autoimg.danawa.com/photo/4468/model_200.png
수입,폴스타,Polestar 4,https://autoimg.danawa.com/photo/4513/model_200.png
수입,혼다,Accord,https://autoimg.danawa.com/photo/4547/model_200.png
수입,혼다,CR-V,https://autoimg.danawa.com/photo/4469/model_200.png
수입,혼다,Pilot,https://autoimg.danawa.com/photo/4189/model_200.png
수입,혼다,New Odyssey,https://autoimg.danawa.com/photo/4715/model_200.png
수입,지프,Renegade,https://autoimg.danawa.com/photo/3233/model_200.png
수입,지프,Avenger,https://autoimg.danawa.com/photo/4413/model_200.png
수입,지프,Wrangler,https://autoimg.danawa.com/photo/4509/model_200.png
수입,지프,Grand Cherokee,https://autoimg.danawa.com/photo/4065/model_200.png
수입,지프,Gladiator,https://autoimg.danawa.com/photo/3981/model_200.png
수입,지프,New Gladiator,https://autoimg.danawa.com/photo/4732/model_200.png
수입,미니,Cooper,https://autoimg.danawa.com/photo/4618/model_200.png
수입,미니,The New Mini Electric,https://autoimg.danawa.com/photo/4571/model_200.png
수입,미니,Aceman,https://autoimg.danawa.com/photo/4640/model_200.png
수입,미니,Countryman,https://autoimg.danawa.com/photo/4587/model_200.png
수입,미니,Countryman Electric,https://autoimg.danawa.com/photo/4572/model_200.png
수입,랜드로버,Range Rover Evoque,https://autoimg.danawa.com/photo/4551/model_200.png
수입,랜드로버,Defender,https://autoimg.danawa.com/photo/3775/model_200.png
수입,랜드로버,Discovery,https://autoimg.danawa.com/photo/4064/model_200.png
수입,랜드로버,Discovery Sport,https://autoimg.danawa.com/photo/4548/model_200.png
수입,랜드로버,New Range Rover Velar,https://autoimg.danawa.com/photo/4472/model_200.png
수입,랜드로버,Range Rover Sport,https://autoimg.danawa.com/photo/4363/model_200.png
수입,랜드로버,Range Rover,https://autoimg.danawa.com/photo/4119/model_200.png
수입,푸조,308,https://autoimg.danawa.com/photo/4379/model_200.png
수입,푸조,e-2008,https://autoimg.danawa.com/photo/4407/model_200.png
수입,푸조,3008,https://autoimg.danawa.com/photo/3991/model_200.png
수입,푸조,408,https://autoimg.danawa.com/photo/4377/model_200.png
수입,푸조,5008,https://autoimg.danawa.com/photo/3993/model_200.png
수입,캐딜락,CT5,https://autoimg.danawa.com/photo/3709/model_200.png
수입,캐딜락,Lyriq,https://autoimg.danawa.com/photo/4061/model_200.png
수입,캐딜락,Escalade,https://autoimg.danawa.com/photo/3850/model_200.png
수입,캐딜락,The New Escalade,https://autoimg.danawa.com/photo/4663/model_200.png
수입,링컨,Nautilus,https://autoimg.danawa.com/photo/4512/model_200.png
수입,링컨,Aviator,https://autoimg.danawa.com/photo/4617/model_200.png
수입,링컨,Navigator,https://autoimg.danawa.com/photo/4417/model_200.png
수입,벤틀리,The New Flying Spur,https://autoimg.danawa.com/photo/4676/model_200.png
수입,벤틀리,The new Continental,https://autoimg.danawa.com/photo/4688/model_200.png
수입,벤틀리,Bentayga,https://autoimg.danawa.com/photo/4024/model_200.png
수입,페라리,812 GTS,https://autoimg.danawa.com/photo/3818/model_200.png
수입,페라리,296 GTB,https://autoimg.danawa.com/photo/4079/model_200.png
수입,페라리,296 GTS,https://autoimg.danawa.com/photo/4694/model_200.png
수입,페라리,SF90 Stradale,https://autoimg.danawa.com/photo/3751/model_200.png
수입,페라리,SF90 Spider,https://autoimg.danawa.com/photo/4010/model_200.png
수입,페라리,Roma,https://autoimg.danawa.com/photo/3819/model_200.png
수입,페라리,Roma Spider,https://autoimg.danawa.com/photo/4497/model_200.png
수입,페라리,Purosangue,https://autoimg.danawa.com/photo/4184/model_200.png
수입,마세라티,GranTurismo,https://autoimg.danawa.com/photo/4426/model_200.png
수입,마세라티,GranTurismo Folgore,https://autoimg.danawa.com/photo/4733/model_200.png
수입,마세라티,GranCabrio,https://autoimg.danawa.com/photo/4625/model_200.png
수입,마세라티,GranCabrio Folgore,https://autoimg.danawa.com/photo/4734/model_200.png
수입,마세라티,MC20,https://autoimg.danawa.com/photo/3996/model_200.png
수입,마세라티,MC20 Cielo,https://autoimg.danawa.com/photo/4366/model_200.png
수입,마세라티,Grecale,https://autoimg.danawa.com/photo/4176/model_200.png
수입,마세라티,Grecale Folgore,https://autoimg.danawa.com/photo/4685/model_200.png
수입,GMC,Sierra,https://autoimg.danawa.com/photo/4127/model_200.png
수입,롤스로이스,Ghost,https://autoimg.danawa.com/photo/3994/model_200.png
수입,롤스로이스,Ghost Series II,https://autoimg.danawa.com/photo/4721/model_200.png
수입,롤스로이스,Phantom Series II,https://autoimg.danawa.com/photo/4443/model_200.png
수입,롤스로이스,Spectre,https://autoimg.danawa.com/photo/4433/model_200.png
수입,롤스로이스,Cullinan Series2,https://autoimg.danawa.com/photo/4682/model_200.png
수입,람보르기니,Huracan EVO,https://autoimg.danawa.com/photo/3746/model_200.png
수입,람보르기니,Urus,https://autoimg.danawa.com/photo/3526/model_200.png
수입,람보르기니,Urus S,https://autoimg.danawa.com/photo/4425/model_200.png
수입,로터스,Emira,https://autoimg.danawa.com/photo/4081/model_200.png
수입,로터스,Emeya,https://autoimg.danawa.com/photo/4574/model_200.png
수입,로터스,Eletre,https://autoimg.danawa.com/photo/4183/model_200.png
수입,BYD,ATTO 3,https://autoimg.danawa.com/photo/4702/model_200.png
수입,BYD,T4K,https://autoimg.danawa.com/photo/4498/model_200.png
수입,동풍,Fengon ix5,https://autoimg.danawa.com/photo/3802/model_200.png
수입,동풍,C35,https://autoimg.danawa.com/photo/3489/model_200.png
수입,동풍,Rich6 EV,https://autoimg.danawa.com/photo/4583/model_200.png
수입,동풍,C31,https://autoimg.danawa.com/photo/3487/model_200.png
수입,동풍,C32,https://autoimg.danawa.com/photo/3488/model_200.png
수입,애스턴마틴,Vantage,https://autoimg.danawa.com/photo/3580/model_200.png
수입,애스턴마틴,DB12,https://autoimg.danawa.com/photo/4530/model_200.png
수입,애스턴마틴,DBX,https://autoimg.danawa.com/photo/3816/model_200.png
